PIDN,Ca,P,pH,SOC,Sand
09gt9UK5,-0.4624545476398806,-0.18125372084640434,-0.5796506894610871,-0.7097572757951031,1.228803915731871
0BVvxJ6a,0.41605944434558084,-0.24789153884576867,0.3911953425833285,0.20521190054655503,-1.247644132456651
0KbdgApg,-0.027616727179565707,-0.37947468227497977,0.10529534414399924,0.11231470953169687,-0.5465044542340773
0MnuuduB,-0.07575674756254368,-0.2970896650405743,-0.3372461978991572,1.2570557838264032,-1.1247902636897884
0PcIsF9z,-0.4529885543273973,-0.11493816163998342,-1.2422794292777468,0.032654035490194626,0.32896457855781
0ShTFLYJ,-0.27905084487959086,-0.3344667030069805,0.12826113557015956,-0.6691880609456944,0.5569233650042155
0XZh9jka,0.18715564095605583,0.2777187852135127,-0.9976510233032724,2.474889860547008,-0.9496362694771255
0Y7Wegri,-0.2758828374540668,0.5188134932971618,0.5306046117804446,-0.20614028922016528,-0.1959631306101074
0dTqplIM,-0.01432901027313022,0.06266390810394777,0.263723917578516,0.4452252285635813,-0.8071148764564045
0lNiZicC,-0.2624282616864021,-0.4936818946327726,0.24272385531842483,-0.706863609715182,0.025609368249400827
0rGeJ0QN,-0.2501512474600599,0.5978849039189534,0.22930743606100112,-0.12528006988513218,0.5541902198575004
0sXI9ytQ,-0.43711259889253845,-0.32066162580306756,0.5566104764093821,-0.7567733238813319,1.3233452182536496
0ukt4aP6,0.22496220767714056,-0.31448451768784225,0.9143363990785758,-0.6288911599111575,-0.7266966397879165
1AGspb8f,-0.24273443155383373,0.002371931503594528,-0.5967115017202519,0.011012410037103071,-0.722935519602367
1Csy0gvE,-0.43229439333024966,-0.14790807669212952,-0.05538039267826511,-0.5563944819128699,0.7528001229797439
1Ic2hly1,-0.293052659674261,0.8589814606038371,-0.18182194543818483,0.11808991379869559,0.24688496835185855
1PPbaTwt,-0.3769596205723744,-0.09008637639989453,-0.11605169450259153,-0.46505664584977785,0.23681891772283944
1SO5VJNy,-0.4048276747813673,-0.025780692751032622,0.018158099536456366,-0.5072004561247903,0.9532943422543986
1arHxK3Y,0.397179325962329,0.3826421821920648,1.4241038352949282,0.21592237294364144,-0.3788596746993845
1fCW4Bba,-0.26193030955093694,-0.015708386814604732,0.4823669812518718,-0.5456171401309796,0.7260932731968431
1qDZNvIm,-0.45004150934096465,-0.1920377698871558,-0.5874705817675081,-0.6926678346349111,0.9613935064062034
28LYJC2V,-0.38340724465722914,-0.22207985500576366,-0.896968418906493,0.372148023326798,-0.6044741167532888
2CzACvQq,-0.027620151757678412,0.8581521743034972,2.041647111896175,0.2691572837294669,-0.7390317365993597
2FT3crfv,-0.2559077703147857,0.20809355347777475,-0.026762119055142537,-0.03192429665740402,-0.6254069375586705
2Fy2uHVg,-0.4787586933413639,-0.3789661375008139,-0.1605822721255871,-0.3408682740329869,-0.24716541118788582
2MkMEApm,-0.4329550007879296,-0.07226760875977331,0.5914951604520556,-0.5861412839157699,1.1209621923826187
2NDGWEOe,0.48452258698600725,0.34833897885767123,1.5124631438794327,-0.5268650049205396,-0.6424860770431294
2NyyCiqn,-0.4224994285997186,-0.2051552094883275,-0.07368638789816712,-0.48973626043770263,0.63326531792354
2QRzIb84,-0.11845700335196369,1.0643657704915386,2.023646817775018,-0.3972548289107502,0.1789785045215796
2QcbdrUZ,-0.38717254931351186,0.4138346119104719,-0.5931996938360359,-0.5049198949122801,0.8970033750339034
2YgAimWK,-0.34323429553088036,0.32481981795759446,0.425368728128434,-0.49549781814907645,0.6927936011173416
2cx85d9H,-0.10728450014529849,-0.26140083012888193,-0.4517282010332645,0.023047836045630453,-0.7814385901195563
2homMXMV,-0.39429704889165706,0.06259757761819529,-0.7421944766331933,0.05264126951229689,0.45212453923312496
2ldLrUtq,-0.3853366181466437,-0.23042082322755614,-0.032611782381730105,-0.2764889998955679,-0.6951834620156474
2nsACW6G,-0.4284768504187079,0.2766203970828805,-0.9159454680552159,1.2901869987191696,-0.93824624430065
2yMbVnWc,-0.17668378298886855,1.1739965572414652,-0.10474678017593393,1.6371848410141958,-0.33527402775385523
36r8sgGQ,-0.42890867815273925,-0.21099428614589164,-0.20688721564131865,-0.6803714503182583,0.9002194076404113
3NXAXCl3,-0.48574727395473494,-0.2125324888273517,-1.050481105381446,0.25621986005577935,-0.8367965041846953
3QG0z6fl,-0.25297456235652044,-0.43635304739895886,-0.2253857770267813,-0.6252089335175606,0.5532073721608526
3WS8R9qm,-0.560883548944509,0.06718514356497038,-0.8710618196388215,2.782995362913611,-0.9498196002615644
3fRLm8f5,-0.44400719294666013,-0.10075201613780699,-0.8354257408196218,-0.05504955777388837,0.5967970498613318
3mZhp1nQ,-0.4395018523556279,0.1876939303948929,-0.1992834494818442,-0.2436463614797369,0.6934435018293248
3pikJXRL,-0.500593791012901,-0.23432672060904106,-1.200995236820399,0.36121734929975363,-0.8255511160764111
3pxOEGHL,-0.4468564881298419,-0.1436807957222344,-0.308820244653364,-0.6876758738924248,0.7399870612996693
3ttdV3f5,-0.4585138356197793,1.1516158582339204,-0.3035526012862147,0.6824499212489438,-0.4949711313890021
3v4X6Mfe,0.20979006498224467,0.20318571132551932,1.1711422607338464,-0.5206268096889725,-0.6732143044895468
3wORuPiv,-0.44258560031575367,-0.00864973173506922,-0.2938164282897843,-0.00994849533511487,-0.5303766736847322
43EfrxZj,0.11322797469255758,0.30399473435637314,0.2837139451762093,0.39180023777277045,-0.6765377335032338
457Vwm21,0.09304703303174372,0.19234176009713558,0.4611271621451676,0.24099414533916866,-0.49985467279094603
46KNnOdx,-0.48299219493892914,0.2750963434466772,-1.1121748336493964,-0.10459126248844833,0.2312230134502768
47TwNsVC,-0.46341494642418846,0.49085592507043496,-1.0490112216937117,1.955846669732504,-1.0148602548240049
49856RpO,-0.4016081282391619,0.0695118086256882,-1.0511539685149647,-0.15147445906516568,-0.877353525554604
4Ane1o2N,-0.35486040571462635,-0.38832881210403547,0.18794079713153153,-0.5195462395541723,0.316198014066708
4AyVUgSc,-0.2496256061235266,-0.10220268062264991,0.16934088593470858,-0.6502202187555747,0.12750025085446018
4B1951On,-0.16970529740150497,-0.1246343036023055,0.4001994215078092,-0.33732488853085,0.13025841914291925
4OL39Teo,0.08041642011820888,0.9882200932471397,0.26691178817370936,0.11231822589415923,-0.45401618784511727
4eQ90eLY,-0.09098294273546431,0.15241709079498725,0.005883836593402598,0.5257123626035277,-0.5929330892024888
4o5jwMj8,-0.3495889338728309,-0.14496586615987933,-0.15604381225241692,-0.6307829691302483,0.20772889763500976
4vPgpl2c,-0.3808305044444095,-0.34845119166802396,-0.5174442293884218,-0.6288068369659611,0.1994639662997469
51r9aA0d,-0.19183014822441616,-0.24908085488387444,0.28723105692683437,-0.707648536519028,0.42890556160192966
58SmeRoP,-0.41341664654139726,0.1715927069159084,-0.6870498296956006,-0.13878165156211955,-0.3292759373248214
5HJp1AXn,-0.31073632369605675,-0.03881477722681882,-0.47448090802227627,0.40582116818933406,-0.28895116089706513
5MBZW7fx,0.034855053942806906,-0.1199897176210008,0.9185374856130581,-0.5896020919785102,-0.5626067530717705
5Nq3gHaP,0.30177373795148515,0.6074751006613505,0.3248493356079062,0.10276443386503598,-0.5416082807125285
5RmwFFK3,0.33424860302883536,-0.11095956809986257,0.20040813313182054,0.15308322538241326,-1.1805464312741412
5Tu5Jbov,-0.43372086467314513,-0.19633641469857094,-0.24642450050077633,0.01943152731791774,-0.42078777869849265
5YEolkev,-0.3820032746879762,-0.3116868445381623,0.021479728254967266,-0.49637535038947533,-0.8091040273055844
5a8sf6QV,-0.02542715514315232,-0.3366677439090414,0.3678678571725761,-0.17760289890488143,-0.6512638222309343
5eSvmqYm,-0.49169825387861865,0.35588329395906304,-0.28448893701672145,-0.07441261369255218,-0.3389969542915018
5hkN8fiv,-0.3746704430349912,-0.48258233251571453,-1.2564715677879745,0.6376480019879968,-0.4050079708301662
5oK8Gti5,-0.4382859353288675,-0.20122655920874155,-0.2940260722385811,-0.5883784251561939,1.2570718132229108
5paniGaU,-0.48100213806551617,-0.30643593696848626,-0.5471964401010583,-0.729288522093943,0.9688885375325159
5vsr7ZUP,0.006954588734759971,-0.10661081825515635,0.1804887221214902,-0.3378113617364386,-1.0709388415331915
60B4xMWI,-0.4218971416162393,0.74465952590872,1.3560862788910686,-0.6565835227446326,0.46028296913386646
64jOUtKy,0.512493682590036,0.8499531467337382,0.4344191883839112,0.979446711429826,-1.157704789541766
6AJo4xNG,-0.4138849966631391,0.10379949293293612,-0.4290281455978673,0.2848627885143074,-0.090034349421789
6CAvhEte,-0.3924618526395216,-0.10931455999432917,-0.46010036009062727,-0.43825992726455065,0.41417587808568374
6CuGYjT5,1.2245376527250642,0.4829227756861943,1.6408474143334542,0.8360923520553011,-0.9787914097385415
6DGH8ujZ,-0.462825193289982,-0.31530571296859045,-1.1400553492202476,0.022352596792359274,-0.38352120217176566
6PzsGdVm,-0.414816358331169,-0.13733642655937894,-0.9142222553660937,0.5475749614710693,-0.41107154973739884
6UcSJMbq,-0.30622225782958157,0.16191012644366143,1.430369795164927,-0.5009287416522196,0.28215772186120236
6WJbkH8U,0.5967712879149383,-0.15185316579698369,1.5599960473837287,-0.38278443633729065,-1.023130081652191
6eUWsVzw,0.4177048343800718,-0.6234495681174758,0.5389038784591103,-0.12609297511666823,-1.130749657156821
6gNyO7Do,0.05044346327603099,-0.2247656259216202,-0.36835606243318675,0.30505824647407287,-0.5809198639013465
6jT0AyHe,-0.0020282227637072954,-0.0948120285187743,0.22559165570118506,-0.13048795632241683,-0.9326252583825668
6nBgCvWu,-0.47423076192246855,0.27805805258905625,-0.6540507629223433,-0.2873185196364981,0.2520528821153482
6ro5mqg6,-0.41549341188448813,-0.12434892428566416,-0.5058313339858759,-0.3329703816275539,0.06866786905753357
6sGqObX4,-0.5109381858230373,-0.14050159558483682,-0.43473024687590334,-0.04296572731805348,-0.6439613417754814
6uEGy0n4,1.1229003725123516,0.16047456201182872,1.780274535696181,-0.239551984925577,-0.7021673137596203
7BZ4LxP8,-0.11396480200406682,-0.043224036350786296,0.2756083285912033,-0.044393257383732496,-0.9111292366664425
7CmigXKi,-0.40444215237452297,0.11863251352585356,-0.19133564058982944,-0.5043781085247089,0.8362647864581628
7Ga0LpfR,0.8634680354816181,1.1535014908402825,0.06549709508443768,2.283417110626821,-0.9184316054716165
7PQsFvsG,-0.35244992071388104,-0.4271699691465958,-1.2507115759037308,1.0589787838795583,-0.47180466424962714
7aF7nnwn,-0.20182939548648804,-0.22896496242339798,0.5025288983985791,-0.7444853106588496,1.1742061745598267
7asGzfX9,-0.2845325476070342,-0.4406209551309007,-0.13140408418534846,-0.33782236071575705,-0.30562232191094885
7cg7C92o,0.02627300301642929,0.10936083743005698,0.11952352806100791,0.3449948712436872,-0.03515641302595508
7eOxTpsB,-0.43042369824275833,0.17885887193366765,-0.14143092890545259,-0.43395869037056894,0.5975369804787091
7ey0v7ma,-0.4998525220270432,-0.14084455109770713,-1.0913210528157735,0.09240663511126136,-1.0784929993186931
7gocyrYl,-0.2940679515727343,-0.15360687407704027,-0.65449431779802,0.3717033403161643,-0.5406189771466505
7gqR3GoA,-0.40169314528832817,-0.024175143380970588,-0.16689445312603643,-0.5658107550459759,-0.08468292571405153
7og7aUXB,-0.234909045122212,0.11735875575502625,0.06192222729987816,-0.1364958707597219,-0.5181440586960824
7onRfa8F,-0.24573817803575068,-0.17529421928948297,0.7417529486194973,-0.4937779519242146,0.7879025434320104
7umkNuxM,-0.22253787612280843,-0.3439094499256941,-0.3909200205857523,0.30410818191457833,-0.5611637066035468
7vPr9ExD,-0.035157669370886956,0.022605393452804653,0.008265681490894584,0.0911989141341514,-0.6000482026790319
7zNjpCzu,-0.3894876650324739,-0.21935149195264586,-0.18831119455953724,-0.08857631897610309,-0.827127394730086
7ztsQNj3,-0.4308950141202058,-0.08850319623308019,-0.2508034809415798,0.07007536698942396,-0.30800969451821186
86gppwMI,-0.4000825896204263,0.27477847222436896,-0.3963109756742648,0.04139727292487458,0.21486694785703847
88thAGdL,-0.4115310527542916,0.055374218242835366,-0.09192924821905621,-0.17496104460705317,0.2039312573811904
8GhU8STP,0.6531167886842509,0.11439158536192325,1.8506157003582202,0.20667863015011925,-0.8067506650281594
8NlzDcWe,-0.20701136410036858,-0.31049419363330205,-0.20782562627350784,-0.7104224151178629,0.47890988895755215
8QAejdLW,-0.08486744342519638,-0.536702474797371,0.18657669588261636,-0.0011574248782073191,-0.574188260479137
8RDeFxWM,-0.429909219528003,-0.06371788343602756,-0.18452008861485114,-0.6884632497205557,0.8305864236677835
8UXP2NBS,-0.4332893138926691,0.04493507545035607,-0.8741632522423273,-0.5220830082633522,0.20090668068812262
8ZoV3KGT,-0.2037702407854354,-0.6483941637362164,0.4263887072809924,-0.37314075131958147,-0.8198384826396913
8ajs2uG8,-0.2977525084739459,0.04784820040701285,-0.9433243197836052,-0.03881581705748064,-0.6178259206165583
8bXnz62p,-0.03318371240597394,0.9520078012454259,0.14843868086900747,0.055921219677207,0.2523100240842899
8nO1O1LG,1.3069693870469021,1.9155973827817243,1.784026342316968,1.4103881432899146,-0.8594737867642871
8xE1p8g8,-0.503092558984402,0.14199222281391716,-0.616026306902022,-0.21239128556355089,-0.1700524446339639
8yMDVMRM,-0.36905257777387934,-0.02256960966071957,-1.3240906594059905,-0.1535771229083587,-0.34834391949835586
98R5VaPi,-0.12625955681340992,0.7848199181142563,1.9119852263191939,-0.4162552237585658,0.28145751945705594
9DcTz2Ua,2.195653531522405,0.043924927411141436,1.986817723198548,0.08329790858258825,-0.918049930748413
9G7nfUrK,-0.28035138577889823,-0.53395869452921,-0.10758427233065325,-0.4423974914571218,0.4158464500107665
9O6GZ1HT,0.05466099998425423,0.31946031766466615,1.5720711138069978,-0.6808979313694073,-0.5192288161542091
9S7fCoAM,-0.3681885098920062,0.4958627966260847,-0.5220745121952646,-0.21481962632452611,0.3915950573751839
9iQwmFJR,-0.32469361018940257,-0.2672674599448773,-0.16623232289667425,-0.519577528543188,-0.04665368825569329
A3Mt6SAQ,0.3963141994090766,0.8813217486601664,1.4386474254560646,-0.6784535792679556,0.16519913048101953
AJIsQIcV,-0.27734323152388274,-0.19083089790142066,0.21656381598646154,-0.4686338774812354,0.3054580567257904
AMHKXMh8,1.239625967337866,0.504305397222419,1.5315035964105586,0.35869732336661725,-0.8242738649535013
ASwA2J4E,-0.40018843993923314,-0.037410021998291756,-0.20432883551468484,-0.47297710150468664,0.9079997687476964
AaFvEoHq,-0.3235430122873209,-9.647412651188694e-05,-0.18412001720093887,-0.6593136168495922,0.266518092612427
AiIPD6hX,-0.2571453360747211,-0.15487510059125809,-0.3574569326127625,0.41628541010185877,-0.4566172562274426
AsIURvJS,-0.24386462576191723,0.014264794141657058,-0.43552555358348516,0.7360298160849115,-0.8209834502494213
AsvgbJ0C,-0.30329721052068837,-0.16243490853742376,-1.1366783747486815,0.6908051799752406,0.2084643762409896
AxEhbkCM,-0.4725721563964266,0.05156569517839096,-0.9412690047396602,-0.6384983527221915,-0.5808243354615051
B7VPkIpx,-0.29319440004906616,-0.16724474420281607,0.9014714651304097,-0.5229703084703323,0.2785998349964264
BBwHqHiH,-0.13288708158587798,-0.444352456536399,0.20717871261746532,-0.16570751757823265,-0.7143711161822682
BMyps8hr,-0.28123784423999365,-0.21639624657262513,-0.3283441496176182,-0.04184155276189584,-0.6841048855277169
BUHS4dQw,0.018526418851868832,0.17192960658281461,-0.7421511159401365,2.8525439148279523,-0.9833604490554388
BZB3EYWQ,-0.4382420342713368,-0.0005908414550083598,-0.27818619416349805,-0.4299805370211392,0.6333658666246383
C5UPCZcL,3.2289945167383647,-0.14375153528428947,1.7933850628978454,1.1101839022068218,-1.0733489314019833
C5gIfQbJ,-0.5150433214357872,0.8900626509672553,-1.256027022424762,0.7148690309753751,-1.0684228838068717
CDRuu4Pn,-0.4116178071330072,-0.395628959992817,0.17363585428118233,-0.7809124922984219,1.1954583201113649
CQhTYkqE,0.4269989792489965,0.43084025045393715,0.2585574770801823,-0.035761496437782286,-1.3266595596814945
CSEobMXv,-0.45570330048489693,0.9340254170129582,-1.0086726533379111,0.5364985834547612,-0.636399391037438
CYMQE4x0,0.07378467640840025,0.03628799930988733,1.281375043042613,-0.2566284611671152,0.16440563432076066
ChQdtl4J,-0.4417287487623338,0.5019978448957041,-0.4368329094855628,-0.18360394222933776,0.3618812178364968
ChnD1nrN,-0.19861614621216386,-0.5221054899434251,0.23401212619270625,-0.6606924880454457,0.027445452389486827
CvtbbIcq,0.2073364587258237,0.33334924048336584,1.339245116615408,-0.2630748300832248,-0.4808966982103916
Cxk06b77,-0.14545825589926115,0.9430632896887948,0.24214375886942854,-0.06041368014665412,0.02098935709164257
D3QD3ZEJ,-0.33049412523334587,-0.21450047448249382,-0.4135418453369945,-0.005321528760016608,-0.3010089029902895
D8J5C6lA,0.5765709751098691,0.15113873100308417,1.5844415651817283,-0.07237002651256703,-0.7853509843150803
DCeQwYfT,-0.21067656485958,-0.11081274610529812,-0.02894478481674891,-0.08020354348407886,-0.3423962588310721
DDEftkx3,-0.47947017805810666,-0.057903649762272344,-0.4198431582801321,-0.6040385835743194,1.0973619481910555
DEwCfeDW,-0.22341544737372127,0.9302394783501852,-0.04845203908255853,-0.2557009009831361,0.2177438075275323
DMkIV4oL,-0.44279221454814477,-0.31031212328985885,-0.3262474852744943,-0.6973963458197867,0.7456304426328306
DnzGfbxS,-0.07641551224372785,-0.04260582757596337,0.17318885784346585,1.0523607572331457,-1.0120566028105549
DoZxo6f6,-0.40579543891857894,-0.3385208312746363,-0.17875426725332735,-0.5966531176991874,0.3522473336303503
DvhBPGIk,-0.3730547650085907,-0.3175523499890045,-0.6182447371137598,-0.16328911581078995,-0.4200136646289176
Dx7GoUcT,-0.4786569661127,0.2890638151107656,-0.5891655801965558,-0.4734914020281008,0.24670780143981896
E5hIjohO,0.32563996722881156,-0.47502513478579284,-0.23150366837528083,0.8141508444926666,-1.0943226044706822
E6x4XGHt,-0.4170313317286979,-0.1513837802446989,0.11826519825735664,-0.5656478593018451,1.199729040312347
EDEpAzh1,-0.3857699802690801,-0.5093682790314126,-0.6798761244732494,-0.2405811396728875,-0.6626469754284993
ETGudkQt,-0.33596722229133336,-0.0660107403541715,0.6164027685649696,-0.5334442850883159,0.3058894715879695
EUleKrLJ,0.9231251977926401,-0.1555011608344545,2.055747747306978,0.4531710498994905,-0.23483190552911806
Ehw2Jz6s,-0.2593450375018736,-0.12474324771146973,-0.5666861646194998,-0.08207811337292062,-0.5371746450139142
EjqzC4zH,-0.2508369898444356,0.19020080588493005,0.6610852010461306,-0.7319993146149609,0.19084896941077675
EkMZO3Qj,-0.41194663329992437,-0.06119873967382322,-0.2446136316023153,0.09598546351600357,0.6062959245075124
EnoNXWvU,-0.2183565334192801,0.06674833842208282,1.4940401204766687,-0.6221058299998412,-0.0678542450044078
Epv8ANwr,-0.2963138491558158,-0.19954449032292956,-0.29458619990846935,0.43626360333105085,-0.46927347142768366
Etro9j0B,0.150977312597186,0.741484043367913,-0.04677587997843268,0.3895711823090143,-0.8275445082993421
F3MIZj76,-0.45790540083837494,-0.08322149279476139,-0.924987276707791,-0.4453366279945837,-0.44287469388532574
FB8tU00K,-0.4221831880643589,-0.14428829781216487,-0.9429794216674932,0.3802727555823025,-0.44046152810356587
FLhxBGMK,2.718084968896787,-0.3117344145264854,0.1302016481763622,1.0153298989573558,-0.5956424713200512
FRreR8ka,-0.44091891038232167,0.9571502713404257,-0.270825908598667,0.039593821120245135,0.20236800468968716
FXne4oAV,0.25245724354245186,0.5965267007960444,0.695033164403234,-0.4139611426201566,-0.8269416230718075
FaW764jk,-0.16141323303493443,0.0018592682049279885,0.03348704795940261,-0.005634807857785329,-0.04629492597196022
FeAbMXly,-0.4368242407728242,-0.1570248981182911,-0.3724022809963343,-0.7000346776578771,0.7297937302052938
FeudaFXn,1.3777886533242087,0.9045824831045748,1.9870681246883268,-0.48646000532962447,-0.9617569929028869
FldUmFeM,0.5179075773344662,0.15561576740809113,1.947458172241044,-0.5802860267756198,-0.10189830400683442
Fnv5tfAm,-0.4509025752019245,-0.26255090899404476,-0.4658725108838806,0.07867746404059339,-0.2807525478254904
FvrAd3Or,-0.27167821305807294,0.08005318012261914,1.2169585953469502,-0.5148906535146767,-0.004107018634701554
G48zHffi,-0.09461203634735335,-0.025087522263302645,1.2214381060532349,-0.5411537413853066,0.13140843272479477
G76zCv5N,-0.39114148375671115,-0.3706702573975786,-0.21143206804190126,-0.5348804529539246,-0.08469521341875107
G7JGUdNf,0.008192783478028012,0.1128595650909747,-0.17986280500012644,-0.11405033054096908,-0.8781689650751959
GCo6MONx,0.8921392338801896,0.33240331601347106,1.575228838388794,1.1609057140368333,-0.6793810178669193
GE0vbpVQ,-0.11966668606122481,0.040586468896713156,0.6031951289457287,-0.5054316736520741,0.21513414471729217
GN0DfOqt,-0.31657780794077706,-0.460619360423262,0.6812897130114878,-0.516297466177635,0.06334783350778912
GNsTAb1v,-0.2084882742744027,0.22530693805832497,-0.14870336186144545,0.06476799978280975,-0.9682587789208847
GPwmO21z,-0.20657659086659885,-0.18760806207527778,-0.669456376645554,0.2776088577375657,-0.5308093382141357
GQYpfLoh,0.3756354913684754,1.3488030507964226,0.20175577602553615,0.5530687443192,-1.1087586399589855
GR9knT8n,-0.4036848290619424,-0.3709903881852424,-1.2986811391416448,0.9928044920828669,-0.3591912503228421
GXtFFbZy,-0.32830518167504646,0.33489210754709986,-0.34528142476151874,-0.2064929440976239,0.2084706485040598
GYvzvvFD,-0.463237194831494,-0.10258484749409523,-0.8929920946025252,0.04354857524030977,-0.33658778169018083
GemPjTJ9,-0.41880281819485116,-0.2176639450001323,-0.511937827621992,0.23100393885414575,-0.5491222494091357
GkLYRm1K,1.0581309415081732,0.22305008770379617,2.000287376292217,-0.3534390193561034,-0.720301180558778
GmlqP8eI,-0.5102890111411809,-0.313693668740224,-1.1139543891199801,-0.49629784493515566,0.2250787297747089
GqkIrOvf,-0.309679450649997,0.0077634900248639655,-0.4884613834294278,0.6616596745721364,-0.472058122769688
H0fsegPi,-0.40666438957497175,-0.26722309030620117,-0.4246640555525018,-0.33494690350249484,0.3634728726885164
H4dHpJjU,1.062953840798019,0.1311742064745577,1.7785975393612015,0.6941856392228756,-0.9132907809587683
H5QwJCuU,1.2702711419674366,0.7178451306911838,2.0524470745054524,0.39395980917175355,-0.7734095317332708
H5uwmSZ0,-0.4499973964371362,-0.01456538372539488,-0.43646366541038956,-0.40565753735235466,0.3976545524583204
H8MtbVoL,-0.24865796562019787,-0.2901166876472681,-0.19863865434773242,-0.45805408315195195,-0.2549196927792053
H9JrUYnp,-0.4009726525969025,0.8005072090964723,-0.2024423838392815,0.21988930100465487,0.43136257141390455
HHYmmHVk,-0.41254004608677003,-0.2531785978629499,0.5970710296128752,-0.7785018935394743,1.2400523913201156
HJ5U4uqL,-0.44853241706953106,-0.165081583900789,-1.3314737630948126,-0.07069938354429256,0.10387105762133332
HNQxYc4w,-0.3559248786700492,-0.23828556967814088,-0.4960010894456141,-0.6700390197559384,-0.09410971793757685
HQYhKHZ8,-0.5112440473683935,0.04140275102034904,-1.1343801443771693,-0.22913560816269055,-0.5110354888087218
HSCMx0MC,-0.4693859815733463,-0.4042310999032985,-0.32010011322181126,-0.6684460443841134,0.612134567664895
HXYuE0fx,1.561451364401523,-0.3720630819370432,1.8750402848491665,0.2709476937178918,-1.027682704744387
HdKcxEWr,0.08751455358132276,0.4402033996226753,0.41673451455460003,0.2752573045650151,-0.20638446979763492
HecW1iCC,-0.44691180286335386,-0.2222988155270706,-0.4154772917939531,-0.24099480487936606,-0.3762728397279068
HpbKB8rv,-0.4672939924360254,-0.07943049994101162,-1.2306522294202027,1.6184665106575016,-0.9419370785366683
HrkoYjCg,-0.2911470252836826,0.5708536315388194,-0.6377063773946624,0.5931659207631178,-0.9020798282706675
I5P2uquT,-0.15204529195938216,-0.028228099879852735,-0.21684897941161238,-0.2707510008781598,-0.19860822789311336
I94qkDM7,-0.46229236420073466,-0.02381375396161009,-0.6647357533355944,-0.24488507609030968,0.11302333159489045
I9sQbtt8,-0.3460509100136265,-0.16171174393923055,-1.1458344324308276,1.8787599024500052,-0.6381439149042292
IFxgw6ZX,-0.35522406709119564,-0.2466749486877251,-0.6230174151167659,-0.3784584139846355,-0.4862511338215758
IPPPSyoU,-0.46317628912088177,-0.1382892611159382,-1.0738478509235565,-0.06461690634203962,-0.555097957524602
IQOYQubU,0.9887464749148716,-0.24535065900804598,1.7569825552096638,0.5052044294177732,-0.9378244461559463
IYNE2SxU,-0.45071466469743926,-0.29404656171062976,-0.5577755993365993,0.06421106580234023,-0.602161142628076
IZRFk9kN,-0.21272431607265024,0.02053333353044263,0.12816306478073758,-0.37006896991726224,-0.13013174407356465
Iaq3v0t3,0.4459140057478146,0.6563918975180724,1.55901642091866,-0.541760882039524,-0.12623099488777167
IbVwu1t6,-0.4538093708554279,-0.3389274054848343,-1.2281733010070248,0.05405773540383443,-0.2656421051505627
IcHKTLyo,-0.20175674889014,-0.02546815385114251,-0.33574184586380634,0.28290243524675524,-0.4447494229479405
IpW80wVB,-0.4278682230836792,-0.30950870095831,-0.9286433450572757,0.15026901450419614,0.07992393926942515
Itb0PYUV,1.064372713812799,0.06511159002465879,1.8210682150437665,1.1184293801344842,-0.7703255525937144
J8fpSwS0,-0.40298894525582357,-0.032088261900172554,-0.22402893679115068,-0.6798785259739755,0.5734215215171197
JE1SlbD0,0.4434598525615435,0.43446163712026636,0.45884730800940315,2.0406279703631123,-1.0125733642468553
JEB4McNb,0.47612147343855576,-0.01096442798598346,1.5064911058734383,-0.15848127159409453,-1.1285408061622344
JEE4QVeQ,-0.14553771241881874,0.15564387272289534,0.3053902025600371,-0.26298204266951286,-1.0431668559703535
JJSEU2VQ,-0.46579974080828285,0.14754375677894666,-0.1965194541254827,-0.544425959767646,0.8113125562516709
JSsVriP2,-0.01010683336893955,-0.19284927831405482,1.424471367883466,-0.6190407210171608,-0.1075376988577314
JUvQNiOK,-0.03627133976614875,0.2030048396002652,0.7255408000506604,-0.41493364021501505,0.014034312962626222
JZbrRtm2,-0.075540200120374,-0.28703570380746435,1.5458026575398462,-0.5631248728011917,0.14475503624594782
JcE9G92B,-0.28472419594222426,0.5514542608254369,-0.03437917164115706,0.3551983295575142,-0.8382590077239764
JnNYpXHr,0.5487116340048594,1.489436392724085,0.1308463827322103,1.608882253610686,-1.103947384200118
JzpbnOtz,-0.4139088534982537,0.08999478815220432,-0.41298383072892336,-0.401237920813847,0.37536154847941977
JzzUhPQp,1.0227027100908634,1.4661194335687264,2.0351597768920855,-0.3541252462355927,-0.736185270239035
K05R8dQK,-0.4060938737297889,0.14153025151657878,-0.9452851376507675,0.4359893587576633,-0.6078783981540241
K17pG2mG,-0.3519943897517761,0.22600595733214596,0.47163131258067476,-0.5996175782221703,-0.0233020251891108
K8BellUe,-0.03312084038575068,-0.05273993742066387,-0.05954667522601685,-0.24419880496378055,-1.1842031124182315
KJ2eH6rr,0.2208181195412974,-0.19025998636363795,0.12999327905607244,0.15381342626982836,-1.030764177950856
KJEJ6Glk,0.4633848668630216,-0.21138044967751737,0.29698688574728654,1.2743394931991345,-1.0756209407144761
KSbO0oXS,0.6128591673947992,1.9543884822652797,0.52425496041672,1.1798017258062279,-1.1082430566579577
KXtvmd01,-0.4227360692299699,-0.27436690821583243,-0.21174144402101053,-0.5615176263025462,0.7204214313494867
KYiJqBuJ,0.04284608968422026,-0.02935229736488066,0.4520177317341425,-0.261837642303592,-0.8196202013698226
KmbAyTcE,-0.2348556655612307,-0.26841224488988014,0.07635604502687263,-0.4697434737419512,-0.11256281380410693
KnNyl3rV,-0.17862967607639316,-0.01846168808600598,0.859242025086727,-0.43661016433675287,0.3641448092414402
Kp2DG8TZ,-0.2293380799909345,-0.2198117349091588,0.22169991440934225,-0.6805523651937734,0.7491010876350914
KqQtKWs5,-0.25655321461343605,-0.07713798244430418,0.3387803400222086,-0.7003821528083263,1.07605257583643
Ku27g63R,1.9302891663067567,-0.14994022631380674,2.311753090307558,1.1505360057211285,-0.5386667639332464
L2aTVqDq,-0.45256820488513005,-0.26835293837103186,-1.082960583766604,0.41984613526915426,-0.46551941806758834
L5jvq6G4,-0.31402984952554075,-0.12077228418475938,0.08418801955299896,-0.6728450403063218,1.067413334776205
L91hYVQl,-0.18957960443014818,-0.3080285949709358,-0.03914624768805014,-0.7792888066477938,0.4752382659511197
LINAMlbA,-0.41459756212289406,0.20878055934548687,-0.39895613728384804,0.17144548991906386,0.00814048399586921
LJoUNXSx,-0.4347148226053614,-0.26517011402194746,-1.1996411048904834,0.2840339300307293,-0.3712350605774003
LLtSiyWD,-0.4589936504524396,-0.3964898297518964,0.08012340494121485,-0.623319394116901,-0.18481678999502085
LQJtV8kn,-0.19568759759966436,-0.28389624444172123,-0.10478662903391654,-0.47703447904457674,-0.7748544340746208
LW9uddw7,-0.4383711320514432,-0.28475917310422866,-1.0932716926957806,0.8484232889060777,-1.016583441111426
LZ6sdBTR,0.4198109933376129,0.21128413485288997,1.3055106717308858,0.38479827229004093,-0.7873967785748497
La2Vhnne,0.09243285511562326,0.7326925316168337,0.029910947782320372,1.0353863780576982,-0.42248167110435497
LaUWSq9B,0.028735318337300503,-0.10837672308489987,0.023299408727390992,0.16086508423818466,-1.2331799616067847
Lk4SfkPQ,-0.44565708991448266,-0.03774824811546758,-0.7229643166902533,0.02054735390736018,-0.9542114518292151
LllC836d,-0.3844931318927384,-0.27125491413452457,-0.6193705344021714,0.17310626301504786,-0.30498578027769246
LuGiGeWN,-0.4692757735556641,0.09446490050339834,-0.5526291629073485,-0.20621704971689556,0.09270512733528909
LzcyHcWa,-0.4309613663695353,0.004785482601619945,-0.14033888398687105,-0.4976799760553961,0.8436868280676034
M7veP0H4,-0.375102168211316,0.16516367461774625,-0.33471990852007205,-0.13286340194977533,0.6765391390525403
MB8aaJUc,-0.3414551309496386,-0.12909126884360567,-0.9132928919842692,0.34222765016937295,0.21881397709059172
MDpe2zuy,-0.4784896515549342,-0.3154552520965417,-0.3517022250065147,-0.39088308011873685,-0.6580823659086704
MEzdmEIU,-0.4117457764977152,-0.2755660304442159,-0.26795681857657905,-0.4171387754009718,-0.1091070543404489
MVnhtivm,-0.41963143988192053,-0.09123100066482333,-1.0625507153018547,0.04450427010082007,-0.6388457988787216
MYU7WDis,-0.2355610859974249,0.17190993750738848,0.6362079692273073,-0.6882964050055382,0.34817363498609966
MZFqh6yw,1.0420640166583581,0.8321366122331256,1.898087192681181,-0.5219636188207482,0.2783176337861871
Mdgy4SsO,0.5649955068527628,0.44287077765218186,-0.17073833525743273,1.9205271124679133,-0.9826203171633546
Mj8awnzy,-0.2977005683019671,-0.29279032782321324,0.5325950122476446,-0.5936674390104923,0.7356787783296986
MpFPbUJy,1.411462296931914,0.985385226568223,1.834532393940952,1.0579406673757101,-0.8756427976671973
Mqk7MFBM,-0.3927106302319028,0.1421713083151682,0.637571207748122,-0.6623845043890771,0.8345043033215692
Mqs2t1Eo,-0.390378095364591,-0.39609877021199974,-0.6220446617768541,-0.05973192879321465,-0.41561139721352863
Mv3jFVxp,-0.3387250574211478,-0.07443770611890278,-0.25829690182363246,-0.16661650509296336,-0.2264202480637573
MxODTXvA,2.053958340671453,-0.37369442162377425,0.24771238666748807,0.6299597423105044,-0.2692685753900725
N46PbpPM,-0.446464904409953,-0.2086493373277645,0.20382884128012324,-0.6245418812787866,0.5790703885378929
N5S5F9Gk,-0.41192939588499694,-0.1237121947792784,-0.6006181212568693,0.07102490924891573,0.02259870354777665
NLDg5fqw,0.1981562976941161,-0.2987967981449782,1.6098788876296926,0.6365028130800023,0.6922342064893235
NOho2ZiM,1.3618172543347533,-0.10113845254975112,1.86675259187408,0.25225188801024057,-0.8321015482107254
NUuY7PFU,1.0670086727436032,0.16171322532544047,1.869609058105224,1.1529316902448996,-0.8338013639601422
NV1e8AEO,-0.4132073249456661,0.05974915004958979,-0.1546180129854403,-0.4563021059354477,0.8271759162975619
NZLXROKC,0.06544750921026178,0.18470262021917705,0.32707271617337413,0.5050686488507816,-0.5056788113437805
NaJo7C6o,0.3250373260822023,-0.0871449213081769,0.6661386579032986,0.04377956608908674,-0.22022510944050933
NgsyGkrO,0.18919408209552446,0.5641297485433915,0.26020707053950315,0.25650302880418574,-0.9209231105359028
NjOx4Zpo,-0.3999328659487555,-0.15579572454675591,-1.0872506273642994,0.4954519682770561,-1.0922313944467614
NmQoI7x0,1.0870590029220872,0.3657153517645875,1.3279156097230997,-0.5743512297207761,-0.9994625086040967
No4wkdLS,-0.24533192409524507,-0.16946379506848808,0.2857264810774303,-0.6153438240357136,0.16076333021864145
NouMwhOf,-0.24810081537775816,-0.25904057541900527,-0.02797246801799262,-0.3078978384000383,-0.7459489067940216
O6YAWd8C,-0.06773966903466873,-0.49152239963480154,0.3136290815176784,-0.20789030403343928,-0.7894823322526882
OAXVphSh,0.5594229721349616,-0.15317148995431626,0.9180826045072112,-0.003720860307769824,-0.30513089601910354
OJBBhb6Q,-0.41663847649272456,-0.21447754277874992,0.3718015355938332,-0.7570377194974304,1.357409119231586
OSIQXImL,0.19379063803553775,-0.556593612662378,-0.3042168328974669,-0.1296153739149913,-1.182790806063493
OUUFc5Zz,-0.46685370974264906,-0.2979216629936589,-0.3860457261152095,-0.6459914687469119,0.8377676084635731
OVk1lquT,0.34809469500159307,1.0262996343318853,0.06072918563591811,1.2769853299198066,-0.5430990011380747
OXdRxjzz,-0.38301903498138756,-0.47797956963943267,-1.1316132780579973,0.14723170145022527,-0.4853281694562677
OXxW2ekf,-0.370015194337252,-0.29211266609306574,-0.22156550333940755,-0.4712689737897615,-0.14199531764927842
OXz5OpqR,-0.11779267804422149,0.4092140094473396,0.1879146794383997,-0.1180238681392949,-0.40021161555337104
OcBFW1AX,-0.3767106328259339,0.2957715182191989,-0.6810007601316851,0.21769376286580933,-0.15998983155739027
Of9V2rpt,-0.15616112299576335,0.08212400636938995,0.342073382377928,0.1329441070048057,-0.43891091073617333
OfLxPhbG,-0.11311570327140708,0.16327042327744662,-0.20572097592731278,-0.08635562075223222,0.02101191382287631
Ojx2vi48,-0.3252077813357425,-0.2582243227202245,-0.11895517320826557,-0.5692120470761465,0.39667685734688707
P3M32iuT,-0.24335943264356572,0.019884906773641495,-0.10968301738962434,-0.7175446529944489,1.0521469073899945
P7olVzrO,-0.4258558894937912,-0.2829454768023572,-0.431164506092616,-0.41837978876668963,-0.20339146513809597
PAPHErnv,-0.5044625692664334,-0.3080378986240553,-1.0943743146404845,0.09447043488044954,-0.6845345751462453
PBjEtfXb,-0.37734379490039216,0.12294658593117704,-0.10270282445255217,-0.4902588423411552,0.49907569229608245
PZGpoBBj,0.9710081644094075,0.2108702534501379,1.770352539563254,-0.32141496804441094,-0.8757042618321791
Pc2RrxXS,-0.38041617209181955,-0.35739770746971167,-0.22895486049368485,-0.3847768715970024,-0.660241535326152
PcHQ4FOu,-0.3479693097449925,0.1443891474498924,-0.4659183986577272,0.34207650342944884,-0.41647885629854603
PeNyTOVN,-0.28878060914241854,-0.018502464850360955,-0.07574091706500376,-0.26930763177997413,-0.005064680135496242
PhUPSU53,-0.4089012134443318,0.16955496172140205,-0.6034783323838032,-0.03591454618634987,0.06267279769004738
PmUNeV2O,-0.2844841833022034,-0.29127322125886135,-0.12629978970295758,-0.6999736172027461,0.4052718241008406
PoDJ0uvK,1.0648627561587274,0.4076085474411887,2.050685971614965,-0.12342826606391163,-0.38780217519502014
PsUJdJdg,-0.27501204381325367,0.1552778297381791,-0.13369790659144634,0.3163682884660076,-0.648083240084604
Q3xLFx1f,-0.27680775773717237,-0.20797590897989418,-1.1456038525993146,0.1289239711600523,-0.6321546455785692
QBGxCvdM,-0.07174304498764125,-0.1750525529616504,0.12886560304034617,-0.38183640576703126,-0.7966629989558076
QCEPyu6L,-0.4094283672081885,-0.3704226857207903,-0.9877737328462802,0.2641607482802836,-0.6131403426028245
QEfwec4s,2.007914157602554,-0.2926752655673353,1.744916343828701,1.700554618203085,-0.659732212355092
QZ87Nnr3,-0.5261611610031264,0.44538888342158267,-0.4711605875739668,-0.3900869277917993,0.6091927505949128
QlyGN9jv,-0.4194150451031804,0.30695622129747663,-0.22913452898015335,-0.5352454932817446,0.8101625214691681
QqgWE1ny,-0.2730603733797432,0.243760171245112,-0.25209899113693063,0.6890950925724068,-0.394664928458316
QrjjBpZd,-0.4283585025698462,0.18305782591646644,-1.087077089530986,0.726132321164473,-0.6126738603493115
QsaBiX7V,-0.279122020904418,0.3150902221467971,-0.41420024751409446,0.2756368504516458,-0.2794766771750882
QtBKJuZk,-0.21545118429446927,-0.16041488683429417,-0.3644001240452066,-0.4343135862800854,0.15292918511574383
QtPRO8OJ,-0.4660453172075422,-0.4262249288529611,-0.4381743560400342,-0.6120279243571161,0.3220874141733202
R8XcsFnp,-0.32735805045084154,0.16467230235934413,0.30959234893331494,-0.29194304911966024,0.4227314299856227
RROfRt9z,-0.24053206738557506,-0.05275717370701725,0.04829737798912085,0.2764016648691822,-0.8821964050143382
RTcbiDGq,-0.40462820410052924,-0.2326142603504085,-0.12115395108187924,-0.58790340242246,-0.2649902737735831
RVidM9g0,-0.22709139742649842,0.31504860295507114,1.4712972141691298,-0.6449435959577172,0.5124705795651817
RZnQSH19,-0.4479762825785434,-0.17050269966435294,0.29593922248805177,-0.6209261689976094,0.9270401765266929
Rc4UK7fT,-0.4548593478725256,0.12470091430100812,-0.6097988350319326,0.16511829734989508,-0.2671081518457375
RcKBKh6B,-0.3779892462125368,0.14983933666983837,-0.7019590769302197,-0.21497596791336254,0.41750732274106744
ReM5kDa5,-0.08969069342908928,-0.14123744840326366,-0.31486177188763126,-0.14193659569926778,-0.7642458516477943
RfntsotG,-0.45069980423210604,-0.23878337712527026,-0.332058397614769,-0.7202661265917781,0.6256634700333622
RiXMlzXD,-0.3177195106191144,-0.405834742351031,-0.12214007752955042,-0.5480755609460018,-0.37777005183040274
Rik83O3m,-0.3784758158687348,0.20806006873065339,-0.5060310660879624,-0.1853934687263334,-0.3746837746356473
S3PCzDzO,-0.04783929468503255,-0.05931491446573635,0.7638856796897979,-0.7483816385786518,-0.31060416379811534
S77BviOJ,-0.3772929361221421,-0.07490379167102441,-0.3596890199841271,0.6011429945789943,-0.5459665696366133
SDdvtktF,-0.32176540959238475,0.18107299609293248,-0.8731896258704454,-0.08445200277887795,-0.640405102974289
SHs1AyfM,-0.39070383088711635,0.1522120604315878,-0.12919794271163318,-0.36346276405156575,0.8710244077187163
SO4zQy9k,-0.4266764817648743,-0.010049636781190441,-0.1543744347619592,-0.5153321077656697,0.4721394738096485
SOOBCoiG,-0.3886525490160473,0.16061270281201412,-0.13639277140608483,-0.5354082642805983,0.49382041574102875
SXkkPB7A,-0.4250967597070751,0.16750273072219174,-0.0810505394753861,-0.39169715319937715,0.9393959626172197
Sa93dGqq,-0.2663587839546468,0.3172504797709898,-0.2557430310232755,0.763940276527037,0.14452726586041698
SonIG72a,-0.3293815587636684,0.5188651222183173,-0.13166064472807995,-0.320952239095258,0.8184741265873514
Suf6hIBc,-0.41897246562985857,-0.11341994893430156,-0.07202165605694678,-0.46777476901216875,0.8872990975344867
Sx2JeSRz,0.024284989109978176,0.12860765790572215,0.2498211915369732,0.40398080957263777,-0.4572761746641161
T1Tlftr4,-0.3792364285285344,0.03942466984795445,-0.33068256441426397,-0.6045842067757342,0.4452572253307364
T7ulR4ci,-0.37098235789236556,-0.27661451986197094,0.5709201348713722,-0.7245073934172488,0.7653691376255869
TA1NB3Br,-0.39959352370072426,-0.10812658634742375,-0.3084851564765909,-0.5158442312308192,0.8976345632526768
TFZUskaK,-0.2034167053191466,-0.2200240551925856,-0.49082685644708274,-0.39338246514460207,-1.0596752049819698
TNL8HGWZ,-0.14681537985800316,-0.25252715656939534,-0.39913439977359383,-0.18284417743848677,-0.7133016975082513
TZ8z1GSF,-0.39331994728793346,-0.3072871650546301,-0.6932839768361597,-0.28229962631154326,-0.5879970838943321
TqhRvkJJ,0.5671664463434186,-0.37479427796190123,1.4721743887797976,-0.4212275910648062,-1.0463149905194227
TtJCUiY4,-0.21026644078553927,0.3321362965673846,-0.16075317331689634,-0.4322525580582228,0.5775198323242736
TwDq0lua,0.2275329246352561,0.18766748921945342,0.6255822145251281,0.1370661771883264,-0.9501636808471356
Tzyf02sI,-0.08549537414723309,1.0348011193490658,1.3434465591661537,-0.45500042270906016,0.4189570129692779
U3yI6ZS5,1.2311966127807141,-0.4805274769110295,1.8374849497415096,1.4394574171130017,-0.9849481924458157
UBLnXZAN,-0.4751327924495118,0.2932700699202081,-1.3383482470789683,2.199377461891629,-0.6159733919333851
UBWDzleg,-0.29954969989735053,0.06463748379463297,-0.6343749260432533,0.496027000176021,-0.7418088065101323
UBqkX6SY,1.0114484088077749,0.4557719656141405,1.9451566924193693,-0.41857174939335695,-0.8305189227152662
UCIAi1Aj,-0.3091367700444058,0.05009052805631673,-0.4449925178295564,0.12525823028411345,-0.5078084440133719
UPbXGvCS,0.005645868138773739,-0.12216251271356712,0.22000871013881101,-0.22291305639076012,-0.8254903764025945
UeWm1l9F,-0.33576810578202376,-0.1995565211309811,-1.1179001603480425,0.9329965518087097,-0.03396645457285215
UhucscY7,-0.5185739139039148,-0.25109002803728003,-1.1413803853328275,-0.22358568876620105,-0.5652556034379466
Uri1SvHV,-0.03099073801065287,-0.39724259937550405,-0.315136626062736,-0.16005235210747704,-0.7554760304294315
UzxipGJS,-0.43341761540453916,-0.33850729746819774,-0.35079917906702035,-0.585442695411055,0.574668477267718
V74zfaAQ,-0.02971418634850209,-0.4858920836824458,0.3634802092831907,-0.22336318620993365,-0.6306634045845511
VBPxBLTh,0.8837568010341283,0.12011235814323389,1.5309501793673381,0.6837318969987766,-0.933308966879559
VLG7CXYS,-0.41595491080231695,-0.20666426887933237,-0.07919545666615609,-0.22345614893226878,0.4984662995682628
VNk52SpF,-0.5042880380015886,0.04457029365212295,-1.0535017160520108,1.717598400117885,-1.043869282671358
VOREKsok,-0.4849591673124231,-0.2329900816373529,-0.2947875669304497,-0.7622656438056746,1.072703202164561
VRhTr5pX,-0.40471140553747115,-0.38657125074904897,-0.29062555737101253,-0.6921294329352968,0.197091402786268
VTcG4Kcw,-0.3161353173715649,0.22118747223115323,-0.11795233267243845,-0.3166375725251457,0.4713243095883831
VeKiWSbS,-0.41467084369625856,-0.2194879586188455,-0.17654095689307,-0.48498481387968984,0.7236981862324596
VnU8nJHU,-0.4702794606596953,0.3232080628294535,-0.32688461919592987,0.14433398098728256,0.15388271538426626
VueNCxYv,-0.3503991138264346,-0.04911212983810305,-0.4129415694973938,-0.3016680445132092,-0.010481051993660416
VxuQTRUl,-0.3589649288524573,0.19361330156348597,-0.3961233500944066,-0.2531614704529019,-0.6555139812329768
W5lgaocA,0.5819305984604006,0.6180335813893394,2.160653289503549,-0.3538812274373399,0.19280054670755453
W5mMq9Ef,-0.3753944297575596,-0.33315564947074816,-0.8304038194195805,0.2996735327418704,0.09094042791521216
WDhNqFpS,-0.07550342896641601,-0.05621176955563972,-0.3893880561426492,0.38997659390466927,-1.1738531885508932
WE6n1kZi,-0.5242707040192041,-0.3710500756762694,-1.2379017046731013,0.5237957573464429,-0.31375392819895215
WFk6r3vA,-0.42049971378090273,0.12386563015909707,-0.27909461194812113,-0.001900727015135651,-0.08869204198286493
WFyIrsUR,-0.5069594036754566,0.24431776520014264,-1.0142206790993733,1.1590100041923215,-0.9263877176922125
WG6ZAsqR,-0.4868960323461238,-0.1137626700752299,-0.4234507641631643,-0.7356655279193746,0.8607131524390227
WMq3CZQk,-0.4442945253373385,-0.3646255165634414,-1.087710760585983,0.22981183739912445,-1.19586831193217
WRskmGjh,-0.48176527838821576,-0.37267864927075284,-0.20426447513391627,-0.33817055580642447,-0.7105499592744177
WXijSglj,-0.354701927089463,0.14867659630454635,-1.10193632048682,-0.1449210608744916,-0.5019623005317042
Wc0stQgu,-0.4446789633605469,-0.3814486783141224,-1.1699466982026998,0.19782479451924928,-0.6471014299212428
WewoSCUB,-0.3264847473052209,-0.2957626471860335,0.03720443115673705,-0.7507995792800178,0.8812518450564822
WuHuhHWJ,-0.39220995480261117,-0.08747632953588912,0.5897104876091325,-0.6913649943350195,1.025437340569453
Wv7EBtZb,0.9038227841330697,0.4769932758091375,2.0628369704408374,-0.28608815734812476,-0.8597095730661292
WyPlxDn0,-0.4255471675352521,0.2830670013909172,-0.15434999900327268,-0.5844451091074229,0.748985424860681
X3WqoSNN,1.3360186033273842,0.9994337804613822,1.733418612941023,0.6565460731132436,-0.9292367816396118
XDhyP9KB,-0.4603210654006942,-0.40264054525578624,-0.4679223847020291,0.1812962302688075,-0.42384933072980113
XQxhDRMG,-0.40745366813860967,0.11042978719533031,-0.7986706632361142,0.23716588365274405,-0.07503931163708193
XjLNAwxW,-0.010516050383662637,-0.36272097898564587,-0.3769624183380978,-0.4652419332966291,-1.074028392972318
XjfVQbXd,0.3831131086905185,0.17282635739198268,1.6020829265715382,-0.4840936220124192,-0.6783391846447333
Xovczbf6,-0.49645389038197246,-0.2770662677318706,-0.6166150601727343,-0.7507597673778544,0.9632479838946479
Y8H4onBf,0.2944198943537534,6.592199701746168e-06,0.8103300129566843,-0.6159905314442979,0.9750219264193776
Y8YgzSZ9,1.4766047354266931,0.28521255911410415,1.9543793875768605,0.02859421557638035,-0.17705604574242328
YC4PNV20,-0.46812054423261057,0.1614482264089983,-0.4877450820576521,-0.32189554589328795,0.32589246695990576
YDHSCRdd,2.1937703756656357,0.08825122093539949,1.818949714780703,2.5023517399038395,-0.7871529026233414
YIJ87aME,-0.14748672184074213,-0.2989902886749968,0.33464608917277,-0.3204412252024034,0.3388001001918317
YKvT4dFv,-0.4156641786932945,0.02770050914902796,-0.8403361021555046,-0.25550155195094754,0.09808296001990119
YNebALR2,-0.4617131946462515,-0.018619965965247585,-0.7582929672088107,-0.09785485983178314,-0.3089628792876382
YNrnqFyb,-0.2929001815185566,-0.3163419728338806,0.1209848477417398,-0.29665455552315717,0.15266573670546763
YUZ4lR3m,-0.41403607479832377,-0.006815419728988897,-0.8817442647044743,-0.22435864010853546,0.2504165771036154
YYLvjoVC,0.28984546383259086,-0.18626865047604946,0.5829045517803136,-0.06979426706764251,-0.8819134352428973
Yb8OtMb2,-0.03727384138918496,0.15805453242955342,0.09469870969689788,0.07649254384030804,-0.6668735131069861
Ycg4lTYw,-0.4558656658243787,-0.006919987651905039,-0.9416302845802881,0.30905981988596787,-0.780137339137326
Yfk6tekH,-0.25158242824153015,0.38822800869051904,1.524378264530539,-0.4181303013285832,-0.40998849365209195
YoSfgmR6,-0.4447738008366546,-0.1713905748423984,-0.49478651193176204,0.15452301356786852,-0.4910721005855587
YpzFvexy,-0.405437280524528,-0.24114193331272005,-0.6941088679587301,0.07549528367562987,-0.3724368681899967
Yxqppfa3,-0.13097819495520738,0.041173974604078706,-0.03967438773935551,0.4835207761704963,-0.7640775675358575
Z16jTUvP,-0.3294346196672277,0.34912754081865355,-0.4038562146544409,0.04542514356584656,-0.11407293006863489
Z2BdCCbJ,-0.39588930150913243,0.038139078161319256,0.12434097618571618,-0.3798507656164138,0.9067940829972443
Z2JJMM6V,-0.34284985561681797,0.14488712302198814,-0.8462285917763851,-0.0322652588148897,-0.22440230348877538
Z5jE1OB5,-0.3607683529470263,-0.2971038450528267,-0.041195912473877265,-0.36670836221212405,0.030999471709868626
ZFsIqYxA,-0.41426493980516915,0.07036399283804078,-0.6687479560722216,-0.07350810195009858,-0.03132884173597616
ZHDVsoRh,-0.33333845771931353,-0.4268475621150964,-0.937697865054055,-0.10587694601697041,-0.696517741995036
ZSmfu2Fc,-0.4319102986684304,0.14125615068551925,-0.6599000937895841,-0.2253828310829083,-0.3857128147485634
ZU8YXF3H,-0.49477703339810947,-0.22340816646855935,-0.8184707385374425,-0.712722705972481,0.8651352193313347
ZXKaNy6Z,-0.33052606287432634,-0.1667129245647703,-0.49867124706738086,-0.46814909938529414,0.43275245720730504
ZbYLo0zK,-0.2818570285138125,-0.34918780194291427,-0.2020657718120855,-0.5631351655415879,0.1269077036579172
ZedN8Gcn,-0.44705387728311186,-0.46177108788215215,-0.2143496763968782,-0.42080495651213795,-0.7803344324762957
ZgD4Dau6,-0.29870323347434996,-0.29448849914307734,-0.24846809021624075,-0.5426310773535457,-0.8658175299121798
Zgzf79LA,-0.3044053225509322,-0.30549695350733935,-0.13230307582446585,-0.6561861352782365,0.5082149790170236
ZjqzxDOF,0.08339374062089372,0.7663134745280612,1.9345344819847279,-0.5575649966064468,-0.03752683056301859
ZsZ5aDpq,0.2102558660074478,0.5994085134362204,0.19942912516934302,1.189279824183311,-1.0426751594020796
ZtyqE7If,-0.22003483253448075,-0.6749862116722836,-0.004353085407788263,0.14321419923878456,-0.5200245905993468
ZvUgz01f,-0.39880564342843133,0.09383840880695624,-0.24242346907321602,-0.6552099155883571,0.4079754892218976
ZwrhgdQV,0.0006208833557737009,0.47699230648653534,0.4426188290335521,0.5553849240016927,-0.5286194136544634
a7bhJGBU,1.4421145047878148,-0.07251907718293413,1.4939021127610508,1.4160883867540193,-0.6985814593124967
aHpv6KzP,1.7960410272438811,0.11750231778866434,1.6879351847564252,1.1053759674957027,-0.9480498219059574
aINzEBVN,-0.13779619808401417,-0.3033194891639259,0.7368999365667875,-0.5487105812218933,-0.2423762966700483
aP9EtTGF,2.5621443468020035,-0.3369678724438049,1.9558452795982806,-0.45475855438451573,-1.0022387842640197
aV6EhtSL,-0.4525550387301012,-0.2276160014721236,-0.09762223746377542,-0.5040970265605719,-0.5321694145053165
aVZsXKoH,1.178877175634469,-0.3961925604779184,2.0825576239628076,-0.30729522994969544,-0.7915313411606136
aYVnVJvc,-0.12809190859849426,-0.07507232247408006,-0.22548858892849016,0.2950375058041921,-0.6718592370686457
abCzN1zx,-0.4403380263292417,-0.5128626235100172,-1.0833357699616082,0.47905505148868144,-0.6966918481493135
ae7sMiB4,-0.20171516076901372,0.3363779562777939,0.07271707332480229,-0.41342521747611977,-0.5106177107731902
afsVuCGV,-0.3578658732574477,0.7830007514187821,-0.5149921050427424,0.6828595054362192,-0.5302306703816903
aiwBQETI,-0.03641068214536376,-0.06447806198604412,0.32344707922384747,-0.025874390766483405,-0.6332466576465487
aiyli4EI,1.366058372912888,1.0585518205300486,1.915049100149463,0.18375789001609363,-0.4977369208277739
apJ7NmzD,1.4648390544467762,0.5319263043170498,2.09320240327273,-0.4901777992752733,-0.6518905559417089
atVjNMtQ,-0.3769435258340414,-0.5472057877586295,-1.1341246763234099,2.251505730689437,-1.0058678659524072
b5GirVGV,-0.452072601713158,-0.3850217074477721,-0.09013799578060351,-0.7269057347430259,0.42882540497290184
b9SpMjNB,-0.30702656148744206,0.8405944552105012,-0.14843473807834262,-0.18406297567054344,0.7034772749515951
bAFs37yy,-0.47100932031661874,-0.25105456745163296,-0.37252366409835586,-0.7028019447405895,0.8186170796575305
bDia1hHV,-0.2987095565037703,-0.04841711398725016,-0.3652204175627909,-0.11293179122541418,-0.7991013810915635
bFkv5Mtr,-0.05563480623465952,0.11385722170420559,0.4488696083547552,0.07580278524271979,-0.3173724887172784
bHe2IXgA,-0.39490041205948406,0.330589200576837,-1.3252097105164882,1.817803746490746,-0.8961503440181617
bWX3vUm5,-0.07275432640428478,0.06447974521405925,-0.30270872472796845,0.18683529514701624,-0.2716551510191397
bat8tcGs,-0.12151973764000669,-0.2004323516978909,-0.40141102595284767,-0.07699327001533918,-1.1826250332720925
bfjej4wu,-0.36836942090214103,-0.2621447488926889,-0.4456110477000395,0.39125711420853243,-0.6048586804924448
bh04YDiP,-0.27322569460629736,-0.1702307605013542,-0.4945723712212576,0.20470279520425352,-0.6599653800051509
c110Fdc8,-0.3608191955302847,-0.2845247484075401,-0.1296259943816025,-0.509499851694815,0.10497553461769134
c32GUzMa,-0.3792759712313767,0.18852205328185798,-0.5443137329916732,-0.09141509171897354,0.04622126357108437
cT6uU0B0,-0.41761403739251224,-0.18838601531940385,-0.5998070910461359,-0.3692572554038988,0.21391931375926584
cWXCiFwh,-0.4661999522771184,-0.3057327210883411,-0.6095516763465734,-0.2028771014791915,-0.7260287432186987
ceNvS3yd,-0.4877664840925364,0.17979796536010834,-1.0598800075826842,-0.08413898117642955,-0.23112379844233394
cmwdt4Av,0.9659128743060179,-0.09656381105811514,1.893364960846935,0.3209987076163685,-0.8125883747479243
cn4EHsup,-0.45264051528394944,-0.17733116286183082,-1.0070119990655202,0.041081869286669105,-0.19572175289149796
crVOGGTT,-0.29587639858316067,-0.11732183051751857,0.27963066496231426,-0.5299382155580398,0.816458074486372
csPEJ1E5,-0.37437871621606694,1.2423214554611026,-0.3216237051936186,0.27643862956735415,-0.5350034053040621
d0UrRtMk,-0.4262150516316509,-0.22431036637882207,0.7138916711716001,-0.8140771947708858,1.3615133335067606
d6LU4G4I,-0.1938627849870791,0.7886196828119008,-0.5397183692866399,0.7368650324721195,0.2224407405439735
d74T1DVv,-0.4150803351865221,-0.004499914632641191,-1.0633762295792728,1.2943549219606845,-1.0539192815423817
dR6rM1tQ,-0.078911915834342,-0.0003594025469872723,-0.18638992712133595,-0.20259423890374356,-1.0696492737039607
dUNxOoqg,-0.40191243208034244,-0.19235602940413468,-0.6580769945134664,0.24204400844958648,-0.5242157037270382
dUnlyhj7,0.13666029651252254,-0.06910224078288321,0.46349114552160187,-0.6024943260173296,-0.4378677487106724
dVDlnZQ6,-0.37909551663019075,0.3140979713477767,-0.9023784255733841,-0.06970308840076078,-0.6679772355628646
dVT26GDu,-0.3393188108940429,-0.14792218383074907,0.6114490437181733,-0.3939235933473004,0.4345926149983659
de43ycXY,-0.030801549356467804,0.17295700582621143,1.5126234471542124,-0.5643229141718976,-0.2977738029277222
dfIn7m9z,-0.35038148293715493,-0.24582647558161835,-0.9663289931162384,-0.029678339560700377,-0.712234786215271
dhmb9ZY9,1.856102476868349,0.7245815335630779,1.8037819907010286,1.5462734581820456,-0.9027661839312999
dn8kCuyf,-0.3275102574199605,-0.31084047858503,0.4829272999794687,-0.48942337183623413,0.5463541497044395
dpcquvWW,-0.4034993580626944,-0.36856438157722254,-0.2049044802363576,-0.4461948602326913,-0.13258435377794592
dqcbIMyr,-0.42038412144160375,0.11293918175856009,-0.48744790369913416,-0.18359146681918362,-0.29176910946969103
drWgsBf5,-0.27601303306912406,0.4730862574715875,-0.4712112415812957,0.05216070946510321,-0.7233560105814577
dytx0HSe,-0.4945726995138555,-0.2288991444872005,-0.6248965541112905,-0.703713240979018,1.002758853778547
e4KkkIha,1.1267128371290984,0.6974326348111541,1.4399966652679577,-0.37998752926221246,-0.8673977273913104
e9YorH4m,0.6162937245028229,-0.011183899793984268,1.2345858533374052,-0.5994655775074376,0.6148988916716666
eB9gVQ0R,0.29337720543838264,0.6981146601541961,0.3939447320831511,-0.5031569410921698,0.6798189947162001
eMhLFqU6,-0.4131952615251717,0.04034513193147374,-0.4358938862568664,0.17031012229669407,-0.21385336210038405
eMllg1qm,0.5027035173221506,0.2317753793912081,0.5705234634304365,-0.016682863716741325,-0.7084052946193781
eNPunZ9i,-0.30958208544313803,0.5268116340991899,-0.5717701119183096,1.043364341088042,-0.26886827365070015
eS5BSM4J,-0.42655750711071794,-0.2709107412622643,0.1447334742098437,-0.641747838102821,1.1750327386006678
eVGMFoOI,-0.2543526208740488,-0.3309397373483567,0.8598650147995855,-0.486292631906704,0.4341655135656851
eaIwb3rG,-0.3702419745547452,0.6773385005247177,0.10680244114016853,-0.31615526840098196,1.0152919985288142
eyzw8Vis,-0.48356654223864387,0.08201838924777785,-0.44759761829032463,-0.5100138463723305,0.9966457234794388
f04Ke2bN,-0.406858433188057,-0.049334750057531254,-0.4652865131777736,0.008401326233251712,0.4959849474814968
f4GA0te1,-0.3180431724917962,-0.30527393865845837,-0.14305464544713534,-0.6592042130027079,0.05382496654270242
f7bd91h5,-0.36002076672519745,-0.1953249112865516,0.899773542431142,-0.6782506603568421,1.02610695028125
fB7z9ndr,-0.39082625678276023,0.43255023683179894,-0.10384631555921366,-0.4297420159551396,0.9852686465476889
fEe7AWFA,0.13601758441852446,-0.5528824493081939,-0.1029447218202123,-0.23343606084452004,-0.8456729725515132
fJJIbgY9,0.5019148913405648,0.05217467521229856,1.4659277601992582,-0.5611045637468048,-0.7749312561208948
fQBURMvg,-0.4193125613610771,-0.2746928912167295,0.033688596545331045,-0.44427128339684063,0.8198607496881077
fS0HpOub,-0.4308138504611753,-0.25446418927208003,0.03795327271017862,-0.5916482072641939,0.8559456873300727
fTDXauuk,0.06397463942181299,-0.09757709158386507,1.3336406693343275,-0.524204151609815,-0.5238458010451036
favPNA2N,-0.2897800251509372,0.6503269477765848,-0.5067025059684899,0.28241100808530784,-0.1997915474150591
g3Fv0U4k,-0.49160725383851034,0.15476901115907957,-0.9512086099922534,0.45301272657579333,-0.5580985047334656
g5PKo2E2,0.3337519017503026,-0.353426351187605,0.5793961839475732,-0.1293020634505807,-0.8063567321164349
gbjnD5fe,-0.4003390718632612,-0.45296673728812,-0.4640729701653677,-0.5126471068643843,-0.18661416712092663
ge9zqXCv,-0.0495778683842859,-0.5932956488374489,-0.47240392710157264,0.8241061697616966,-1.0509051831392098
geeqJpSE,-0.43419885890372334,-0.15498762273343658,-0.24205378098070437,-0.7133422883703844,0.9301532022557553
gqy1J2RS,0.20010693564971832,-0.2190483996878646,0.3454311854086509,0.017780442219834866,-0.9339511432616627
grlUtS3H,-0.13611544487674387,-0.2626430864374244,-0.6936409247420386,0.42999796187187755,-0.7536136662152042
gx965KYj,-0.14518623550625967,-0.027743023964949775,-0.24695667616231728,-0.1797504674195727,-0.575812657091489
h3F08Vjm,-0.43631516443848617,-0.3572710890624051,0.1466658876156746,-0.5467331409372407,0.35707758726507394
h6FQG8Iy,-0.3898483186316622,0.20124038050213183,0.03490986676695707,-0.6289832652969715,0.8888370729329823
h7ftM8b3,1.054149977792783,0.6103824054227698,1.95384562423387,-0.2737633791927889,-0.7311673740313961
hLrCHXZv,-0.13473457316463489,-0.48050393906215305,-0.018014137097933768,0.06794465317366974,-0.7473794993431438
hQ6VBuFx,-0.15572150874416424,0.9514044107541116,0.4346099156347428,-0.17447443687972186,0.8163762030791246
hYoR2y7w,-0.18802657077759738,0.3157837058779737,-0.20438939858769622,0.23678366877722593,-1.2232185138210954
hf65yZkM,0.35024578857649347,0.2024988958691666,0.35475724432121636,0.5051022991301322,-1.1227129152266553
hjuwe1x4,-0.25978435910356357,0.3574437888105722,-0.2611022435494568,0.39859701216904003,-0.05197602153480567
hyINlsFR,-0.22316967679224375,0.3957486086348274,-0.06810503066971602,0.15673003060612595,0.6346147429521152
i0Qlm9Bv,-0.41551186898677483,-0.18773298779224398,0.17593902648244114,-0.494560148872714,1.0472117811689687
i1VxfxMb,-0.40110093202102254,-0.1465125793538148,0.012311057776878962,-0.6960459358123321,1.0218495830781145
i2l6jXNP,-0.48593319552566067,0.08727435440219063,-1.1413797401484402,-0.14121031623671837,-0.3888142312260463
i4FgPZv7,-0.4241896431168843,0.24903397121089405,-0.20518808548627765,-0.6789394793284262,0.7412348590429125
i7XtIkSi,-0.24245842687223695,0.5840681442783034,0.1262501907628719,0.040444139512618694,-0.36291011439706794
i9z346Ut,-0.3309001858643051,-0.13130295784781243,-0.6260467251144816,0.4137327364101716,0.3458169648463046
iDOat4cZ,0.9725275371187514,1.0295914742773626,1.6119820235175566,-0.30017096390889014,-0.8545865697576086
iNv6RoSO,-0.4249386123457847,0.009310749184604021,-0.3630540211660668,-0.04633214768566931,0.4723294778286448
iSL9NYzy,2.297763354850985,-0.2164852865302968,1.7133499063725974,1.738936009848669,-0.7259809125607465
iSqVc1r8,0.24280678213806245,0.5906033027608653,1.565664195863927,-0.5848943686978183,-0.11347145241104752
iYZMftt6,-0.31403107872401265,-0.27497177269094325,-0.29618810334055395,-0.1718147252433116,-0.8632337059884
ieTPaa3c,-0.4237299064950273,-0.28852181290634443,-0.7352494797340859,-0.22406618492823296,-0.3527714203297085
if7BmzU0,-0.43307011570140114,-0.28337690250533776,-0.3168393389770996,-0.7005623348703239,0.8156645787252922
ihNz5bmx,-0.44148329302561956,0.05984987710467123,-0.5381954986028353,-0.012405219394018844,-0.3951342758274822
ikJXKdIN,-0.3800262898360437,-0.36560568847243874,0.41840146514751986,-0.7945430427297647,1.253669250495596
iq2kxikN,-0.1415173347560958,-0.27401082256301357,0.11450652281211063,-0.09221641376840119,-0.8391335564824451
iuZEDJK7,-0.4644121730437991,-0.31986299743257257,-0.20363898620585819,-0.7119314574371133,0.6069782962485284
iyF8gVT7,-0.4145174818585575,0.2532441756755641,-0.20320555872234747,-0.6571013157249109,0.507562918929904
j06qdQ0V,-0.39857330555948733,-0.38696614772495647,-0.14667041361659508,-0.3471046339393218,0.11879760524940351
j7hl8svO,-0.016785126559838673,-0.44670868834642086,-0.35518923849357126,0.11860700981094213,-1.1571373169303885
j8hMoJUN,-0.30278408199328893,-0.41247779897476666,-0.15352031528732346,-0.7279521479591003,0.21925711104035076
jNaFasbV,-0.4234274537239882,-0.09883935498304879,-1.0005268256981346,0.18963892871444937,-0.779555413590702
jVVHeYHT,-0.21326269999977523,0.10993307281886919,0.8072260646096167,-0.5996698257038511,0.7327196685787721
jXm4ySvK,-0.34370653485861846,0.35161146986046915,-0.18821140705213701,-0.3081798847618721,0.2623331335928659
juO5ii5l,-0.1672959311307765,0.13730057005125826,0.7462584282062578,-0.5584085709769019,-0.5078671083867817
k2hdEBsU,-0.4245717690316568,-0.35965136058051966,0.22714211824789488,-0.6210881941999871,1.1440269407799653
k3ynMfhN,0.005883203537315474,0.14749598692959087,0.9720145475518109,-0.3793778898419068,0.3669631562411569
k9C9yBtr,-0.07146998603285522,-0.3723060575056517,0.49171369001387993,0.26761897164971493,-0.5928330648535481
kAKRvcRo,-0.46812700029102505,0.14934265107324782,-1.0150627840228486,0.1120053229504923,-0.9203657432407395
kBi3R2oC,-0.25945340187607224,-0.4151797561570541,-0.14674050574170489,-0.24161874499871971,-0.3917661467895642
kDWmnsXe,-0.3603200901985708,0.3874801898270376,-0.4520884573689706,-0.5158227087464504,-0.09331252178667178
kSGBd2Vh,-0.44332555315065136,-0.2735348617360097,-0.317197131435302,-0.6969586642947939,0.8467521574844752
kT0miHPT,-0.45894783519847465,-0.3126632197581575,-0.017759300309251908,-0.5396688029002707,0.23581699917612767
kaW0TfRn,-0.3555043039917775,-0.21336664183154325,-0.47396489055483976,-0.4739795457068295,-0.2246113908181197
kmg3SowO,-0.4030040391422653,-0.1391768962332547,-1.1509828393154624,0.3517626614410012,-0.10377305653012574
kpxKSlnF,0.8829894790372322,0.016800303175426353,1.0359153894416488,0.5744449199753593,-0.0981755868611941
ku2cn1MV,0.47696656516696406,0.1084732101553218,1.4610944879567849,-0.37726764040216926,-0.43092526094937983
l1su5HU9,-0.3258061295005162,0.5299694832467933,0.16388649751194173,-0.49522867405929405,0.15067045623160077
l8Tg2RvD,-0.33681429557159687,-0.07087979913487945,0.9158346092560942,-0.5199122230057999,0.6996584966905601
lB6NsVOc,-0.17960560186153657,0.01191179547073965,-0.02034251189583718,-0.635148815582038,0.4856037162762415
lEcdVyKk,-0.4835073418045025,-0.1080209156686664,-0.5853377650899658,-0.48591928719803634,0.7742694985059785
lH4TasGl,0.033681246298841366,0.06456270357501515,1.3632848007674028,-0.5748859407588375,-0.6119598446931732
lO9aggHW,-0.19841470691944815,0.5017002391175233,-0.18875783299447105,0.8830351753507848,-0.33732263616516167
lW3m9Vzu,-0.4584005033948369,-0.05348183665635913,-0.4353372063304599,0.059038985257603344,-0.6133069108349931
lYLseGDP,0.17352316630678363,-0.345230982683272,1.4798520203989174,-0.2731310277205475,0.5486725802086205
lcOnCdZi,-0.20754891486362173,0.22122643330650327,1.4434325891818798,-0.6260953532608994,-0.3262487992213234
le9YGwON,-0.1338125015462711,-0.2555965099736608,0.13200534869954364,-0.18607921126590443,-0.2137197627238925
llMvu3TX,1.5800324645895392,-0.05470234739611636,1.4701906330891747,-0.6643991565113212,-0.18557614563581273
lnHh2jFO,-0.18074169611486174,-0.004061692697654459,1.5972515164637144,-0.7417299186728659,-0.17504688899004928
m07CVXd4,-0.4342747078977518,0.271554769879741,-0.17225331051641732,-0.6496825312789124,0.9485185879741185
m1lPk91z,-0.3496928384127352,-0.132193308432154,0.782096332703639,-0.6771013906097101,0.8811379887529014
m9IQdmwa,-0.44164752141752145,-0.3163171911943793,-0.028039280302260487,-0.5559500041336817,0.9220210723701557
mG9BRy5x,-0.31858053994794305,0.5395177564203233,-0.41127215796075633,0.2065411779381975,0.24376329277323924
mVHXnama,-0.18199860029425746,-0.18881863936529436,0.3522452541407994,-0.5176146709225367,0.21640253196350565
mXyrR6nU,-0.34585952109418705,-0.36398987855823967,-0.019190365345957496,-0.5253742518346508,0.49299319121904434
mbzNdxNc,-0.39359846070106363,-0.01105409404947277,-0.5701378104311493,0.08613110333746365,-0.6632011622948325
mntH7g3L,-0.2469341518350343,0.09069937732513475,1.3570888452954861,-0.6664140569983769,0.11897688707684498
msRTXP3H,-0.29883334226333796,-0.22673074619347247,0.021697049110661767,-0.20814293014947455,0.08079178366627801
mxBjvIPR,-0.42185877264644117,-0.48322619452236604,-0.47870642609020964,-0.7270232629806632,0.27376593938611166
n8Opmfbz,0.793678939337069,0.36790482159604293,2.1616576344988,0.5371255814582613,-0.46408699156803435
nOkgU29Q,-0.37855821963993,-0.3183824083898547,-0.7412569985676242,0.4477038270522729,-0.5471609264566583
nhttf7VM,0.09594730029385366,0.9613859204989187,0.5358693791123088,0.10006373635687321,-0.1843996502677966
njLbXYa3,-0.37644505778141213,-0.4464631542147537,-0.24174015021850123,-0.5377706508730014,-0.5993333577949185
nwkIpzmh,0.36277015823523645,-0.5119070857015077,1.021150213971795,-0.37570370086156885,-0.690937646133207
nzB1R9Zg,-0.16335472689322753,-0.1661037613351134,1.5048251632190095,-0.5157481698724591,-0.14180185712452206
o1rZRI84,-0.4951175312586313,-0.5427750979986947,-0.9434188879016809,-0.4584193103779467,-0.6119431745424712
o7q5Mbty,-0.20891171032093753,-0.15444514471306275,-0.1829955040670817,0.037429366070069636,-0.9065900278561956
oCBvysqB,-0.509505820837673,-0.2816069739118543,-0.4308089456198299,-0.1751832136918764,-0.9081618072737557
oDmycTPH,-0.43738004281970955,-0.11996884259827946,0.3311111217588956,-0.8161058375908701,1.5432573836796264
oFAXZvQv,-0.45224018724711373,0.22077097575989246,-0.44302193630061026,-0.1818829707659074,-0.5337704904191171
oHE3M1zX,-0.20561821934992458,0.1902337806211815,-0.631242917110231,0.4063099043628577,-0.38362890537621247
oMhVmSpV,-0.5085777124369609,-0.3136008581668216,-0.3865758453965673,-0.24781184805773449,-0.3155478243299637
oNsDqVbi,0.15505899541587034,0.4098042931930189,1.4242497273436643,-0.5391595876085772,-0.6572231409022352
oYAJqQk8,-0.30144135070880435,-0.3410208623684297,0.24216554082366884,-0.7250071856168234,0.571246719346487
ob5Kb6dW,-0.44427914458815265,-0.230000052269824,-0.4693867214806502,-0.4991889595954962,0.8851610175966709
obnzqs79,-0.5473549298307361,-0.3716259713462631,-0.11026039030447264,-0.8148365443527118,0.6488944780901836
oncLcgRP,-0.4364084041810936,-0.05994247471652422,-1.0842404460372992,0.060325070526639796,-0.27304296276908074
ooWVYaAe,-0.3889530725925164,0.15553439944194447,-0.9530522016827523,0.6807188020902033,-0.7877279977569975
osdyOUnV,-0.3178036793826227,0.3506178836744929,-0.4461130689944936,0.6424241077970568,-0.2006795145640857
p7H9CzCv,-0.31460686235033636,-0.16251802767960233,-0.4331004040768759,0.8983343367080263,-0.3990288497279471
p7U9hVhY,-0.4132753049542111,0.04316135270574545,-0.17378204685879212,-0.5392084492747794,0.7144833154089785
pE6Cf1RV,-0.36630502077938937,0.24879819865315053,-0.04295515295385302,-0.5830075162865874,0.6313626329128832
pI7qzotI,-0.1685178959105424,0.29656729204415566,0.6661927535112703,0.03911408307301091,-0.4376654743471621
pJrIA4sk,-0.3465937651366995,-0.3884959048032165,0.12192075456818073,-0.6457486402665643,-0.2661678611173365
pXne2CLZ,-0.5207074399131036,0.15441351773407083,-0.9622215479738991,1.3444746319357261,-0.9425721853192747
pZMcDIOS,-0.4178521843829603,-0.3869248541663051,0.21858757863991715,-0.7207056457700335,0.6432211722673806
pavfp3cc,-0.047838532438404545,0.2799765299746402,0.013871626972012201,0.12033808996716237,-0.8879992308364335
pbQdC5L3,-0.42773703795779483,0.2678423926964664,-0.15317973800679696,-0.435959808993078,0.24079827347767022
pgj7aAFP,-0.3454852785005159,-0.13978396428366852,-0.37513423195476203,-0.30656803679061245,-0.2262887989156015
pxg8G3ed,-0.22966368838653595,0.13841532262570513,0.023118033685689047,0.00684718824225064,0.95613802637335
q36Npk6l,-0.34991506616802154,0.126262452512066,0.22501073795842952,-0.6418375594385369,1.1873084650306867
q4aDOVvq,0.2941250544296009,-0.3273893512212075,0.3527805050625926,0.28929758245740117,-1.147859305868228
qGmfR9CN,-0.31725893358426027,0.24281860793381496,-0.5477892543602123,0.5923787565195137,-0.5189357313107039
qJ51ODpA,-0.4234771136504223,-0.27533051381695073,-1.1879309408427279,0.4436072760964432,-0.15011697355544626
qQX3cs3I,0.03903001430783965,-0.08685373391419018,0.18459618651769008,-0.581518640327674,-0.7947715746790327
qXeIxPb8,-0.44338912927015084,0.0040335695942721244,-0.008592176534058589,-0.5163679003396466,0.787232819768401
qYQ4MShM,0.004729082427337383,0.19502932549186097,-0.5000287486665109,0.25677029705636134,-1.1253958667162776
qa0etnhK,0.23731201156545226,-0.3990915361785838,0.09774406772633938,-0.23743570000962283,-0.8132618637444662
qbL4sboq,-0.22874888890670672,0.22148392358840946,-0.12869225498331857,-0.44407134323343267,0.13523570718334393
qbYrsWHq,0.3240844156236869,1.103031147459909,2.1125504394209744,-0.2765456020350798,-0.03606843976837127
r1zmcUqQ,-0.003242196138329199,0.3365514457384188,0.06508034174970526,-0.3895897537448291,-1.1280661146856512
r54iHeQC,-0.42380000611969876,-0.21077589271001324,-0.166132131960111,-0.6038469234750684,0.8668505365433207
r6xrAnQV,1.978778122756588,0.30267098723128694,2.250555174783397,-0.5002081293397345,0.10864950628316743
r9HxnQDg,-0.21323691748770435,-0.09562682142828087,0.6859209447045712,-0.3198554411007448,0.43730929577548394
rG8Puuf9,0.5865994790563308,-0.2306988180626166,1.1877702484508488,0.6363164461894439,-0.9157753604680267
rGuiefuR,-0.47740526300539443,0.14121214420014422,-0.8721216779265576,0.1980283704900709,-0.8563244981967122
rJ19OhGP,-0.43526464013364796,0.0464814900008678,-0.2955214346457865,-0.49664967530618676,0.8853653592182026
rOCYepHd,0.11545639166301672,0.07589252444316825,0.8082114340398958,-0.42222328541392296,-0.6971775633321471
rQJaOPFI,-0.2809459769192049,0.24068633273063694,-0.34702120074182474,-0.3149334238448343,0.16144029374354923
rQhZtZeh,-0.37636089561916164,0.15460300050169085,-0.2655847673632779,-0.4131585313964962,0.5858875615010873
rapmok0w,-0.38490225068579853,-0.3426104247565954,-1.066528018872044,0.30806573155420175,-0.1456946415862721
rgzfnPVu,-0.22709516762222814,-0.19028056104251717,0.6939562044272772,-0.5853009921156844,0.02078435204084861
ri4qhb1S,-0.30412203835353296,-0.32191202864058827,0.5815126641820264,-0.6924801026834093,0.43348723048290894
rqpFYzff,-0.42755695498111934,0.5262871705648209,-0.3865394091829337,-0.18730415236421788,0.10403905315936035
rrs22coX,-0.3762053918356703,-0.26742667938659626,0.305414792155657,-0.39770145380788025,0.6458100559487577
sEeUCQLc,-0.4790127566945311,-0.26693770222573654,-0.5262523206534716,-0.3871824144350226,0.3812202310874699
sHScwqQl,-0.4661961893062994,0.1934062889296721,-0.4390239864938577,-0.6797749879544571,1.1028032934379697
sNC7DiAt,-0.4783772020397514,0.22618570196002308,-0.6440670849259984,-0.4374429680987929,0.6973800461400105
sNK2TSs3,-0.40310567176907575,-0.34651245347510234,0.3045829875657511,-0.4306855909397259,0.646990167673606
sO7Su6uw,-0.3963300224490357,-0.035544824822991664,-0.5101184813964676,0.35151292242371823,-0.4135809389220274
sOWZx89o,-0.5908012316920522,-0.1930973132568971,-0.5133595094655466,-0.6874413917270623,0.5474929288019951
sPbRcPjC,-0.17178872654072028,-0.12643252611905392,0.12903957821796921,-0.04043748151189048,-0.5549655213984037
scVUfTKI,0.38418157871969916,1.6387719107528675,0.355109360505276,0.8361069227429346,-0.9970988748577791
seRaGeVv,-0.2565076048197488,-0.26353500541553543,0.016445754784941466,-0.5262708337594674,0.86959954626631
sgtwiYWi,-0.3860773626190829,-0.39887051128250417,-0.995815415119787,-0.13210678876941734,-0.6257805713636069
sjmLHcT6,-0.2146154655987768,-0.09297928274979918,0.21923316173088694,-0.6895254239623843,1.0413999180917017
skZUZZGS,-0.41107198398557004,0.3890308974467185,-0.4093634152280117,-0.0550188391662417,0.45425438348586866
suAmzADX,0.007445995553750785,0.15061937287402913,-0.9992555484963682,2.221840408136248,-1.0988333028822925
t4GWLqlO,0.12335281005085871,0.13106628553932326,1.0553573716620637,-0.2663509507326634,-0.651642348862019
t7gy6Jyy,-0.18360887015603727,-0.0029276764991330046,0.5104330352364829,-0.5565800030994059,-0.0853512376131085
tBadzH60,1.5200754151643365,0.23025460027401368,2.240650298356244,-0.554447250447058,-0.4817744554387022
tXUWm0hp,-0.14544210367767585,-0.16776155302301463,-0.634916432796592,0.5126795833381779,-0.6344966751147043
te6UPPxf,-0.536756789757159,-0.18517599659459769,-0.34367788421283507,0.02934411063406847,-0.7307386048280319
ti2lamkL,0.19711942584915657,-0.00796778179551028,0.48161089895389125,-0.3260143961743477,-0.8446504638164433
tr0lpwuU,-0.8849107379555409,-0.16859300705498928,-1.0378260200398954,1.8821613109294761,-0.9366160184883251
ttdB5C73,-0.28665573948354867,-0.037494016552571834,-0.26788452579149274,-0.2355278101747301,0.35688852296681284
twS8YZu9,-0.44424739449800627,-0.030533809953304306,-0.668170361399432,-0.6438854694087125,-0.06324713136917655
tx68W34H,-0.3657694207925952,0.18328995540431553,-0.9711390609976889,1.0529351622607228,-0.6981670909588108
tyQSX4mY,-0.22318238681742666,-0.2758349144920187,0.43320185770295133,-0.7807995479319995,0.04445931647071022
tylKCRc0,-0.4083926243438067,-0.4188832463692364,-0.07448293213242313,-0.6022954582449199,0.2656837072987553
u1544WUo,-0.3518270343970306,-0.07122451938696366,-0.02197981669252668,-0.5096960636752758,0.37081660005263
uAw9an0d,0.13259109184484297,0.042820611023315455,0.670071302646087,-0.09080773425650995,-0.589171797943504
uLZAEXMG,1.935843633563108,-0.04260621345776669,1.901315104257563,-0.12018145535960054,-0.9030690235755106
uMwe1s7I,-0.44782014462581876,0.08582022984328261,-1.0328083444469942,0.7510412763552993,-0.859717016684511
ufhGeV3q,-0.47035260798751155,-0.13456733561081305,-0.4622643084576429,-0.45984735035754265,0.0762391462605943
uhAeGBHo,-0.3018201500613337,-0.007153201166369697,-0.6516036038932937,0.5375889230220008,-0.43585975317266423
ujHNlqpw,1.3991846510721913,1.4619708650098968,1.2841009724216765,0.5515979292225416,-0.7685658700196676
ulV6kuhB,-0.43246073545330965,-0.2403321689619151,-0.17255663686433598,-0.5210738190242744,0.823512834751583
uohEnNEK,-0.4584230533915065,0.07178682833124453,-1.1913307895397998,0.6922270088147613,-0.8013537706604423
v1lhA8I4,-0.45298301477109737,-0.3365471419554508,-0.10811875247629411,-0.6406207723588744,0.7912672827516192
v3JzigLI,-0.3278260329700078,-0.12843710053103474,0.4790940119446971,-0.8258305958518762,0.8611895662635813
v5IwjyIg,-0.44313239269742566,-0.6584670538437861,-0.8338068116991496,-0.4327611111633756,-0.9824961471612271
v6lp5TK1,-0.33159357531114936,-0.09123831429134278,0.567789453180343,-0.7252573688014948,0.8251148640444249
v8vOaaWq,-0.46188771891152675,-0.12210783028303959,-1.0858891847591077,0.1576440738368903,0.5544611444518454
vAYKtoil,-0.4944566598622144,0.19297671887727996,-0.3385491830224659,-0.03952721355771101,-0.745226177697896
vGTNQa6G,1.6866431806530695,-0.3292646612488751,1.484915319841831,0.7299835773406569,-0.21028446830516542
vQzNxHoL,-0.4618835931452019,-0.1641405951013209,-0.48510363283679353,-0.20510079284559837,-0.7190437653709959
vfZGBUJm,-0.34029604763501564,-0.04269699339688791,0.020743839084335667,-0.2878162402197144,-0.2897661556550303
vlooVUoT,-0.23758865566855383,0.01869882143612649,-0.46282492660952707,0.7108881514718401,-0.7049116397919889
vrACvd4O,-0.35035416994752505,-0.5284013809788031,-0.32746266147857134,-0.25813696918994994,-0.7100819848131081
w8hdjLwb,-0.30307733158758327,-0.1704736421696286,0.7241826840025273,-0.5230453749307981,1.3242367036152967
wAntv4gH,-0.2474730919789353,0.6541024441259152,1.9297411836327378,-0.4634618203925986,0.4604752378339493
wIUL09q0,-0.28880971470182903,-0.3943023820235484,0.12998261301684133,-0.7133314407750163,0.5372555811509987
wOzx7Fgz,-0.4203235819749895,-0.44971833245227144,-0.16870824261020043,-0.5632062496163687,-0.04513534878224314
wPhjhCJQ,-0.4402569752664747,-0.05447712538376025,-0.3463001835955735,-0.5175998574960895,1.0448563863517257
wQSWWmYB,-0.2328927859684678,-0.16443165258411824,0.3294414764635116,-0.3829840063227121,0.5034883681893942
wdIMrXwy,1.4774249949364857,0.31133860666472557,1.4409282683489506,-0.6545474932019618,-0.2939928971568118
wiL9npQc,-0.4279320035429442,0.24107930893655416,-0.4145850644948959,-0.7146287185595906,0.7453107833889481
wnU95Cxn,1.1466807502318646,0.5700751793230718,1.4361990451231978,-0.4873336783248801,-0.826262526564332
wpJbbjJs,0.19135410594912466,0.8299885285437876,0.5499237126428248,-0.2176676723355461,-0.7499352283651655
wsOWTAbI,0.20035778294248754,-0.35290197608053847,0.5362096169977222,0.6520691189462597,-0.6831065133928381
wtdBcU3U,-0.29959097534293044,-0.22215348559048956,0.39222808897474803,-0.6178420047340769,0.459173772526724
wuKXVxOc,-0.3667200228550824,0.3694181092324538,-0.6436158575528793,0.07715819162045016,0.03662364623057693
wyzadAt8,-0.6736845222907225,-0.08536816934111635,-0.6526438470204863,-0.5629152480280663,0.3008867504796414
wzaKzYwi,-0.391082417861129,-0.23277972943460978,0.036166518708694445,-0.6199156857335348,0.1203402901781786
x6GCk4EV,-0.4233748768912678,-0.3307744230994019,-0.03244118639732658,-0.5412756501174166,0.5870589568866578
x6lUi3vf,-0.027852579197085062,-0.0596457318272113,0.027863404445399805,0.26515665537916816,-1.1297555886501052
x8mwDHv9,-0.403008969295696,-0.40564411643194725,-0.19703167296188584,-0.5206735888680931,0.19503309762371968
xIYm6puH,0.5106513047331712,0.36708730796151484,0.2742919847797066,0.6509329011264207,-1.1065100201701668
xO6UdpsK,0.32509629624425745,0.47351012285677974,0.3427904980452284,0.19441960974008457,-1.250355218267082
xQ2bkOvj,-0.4749778168459618,0.18884081429754174,-0.9576996772976502,0.07116749865913914,-0.9356563636111043
xeXyDCEQ,1.5069734494095257,-0.7137536234731866,1.7474736254735548,1.1470131730558688,-0.8301126118963259
xrggHziO,-0.11018013371303712,-0.1447373611583285,0.26704543434987177,-0.3030953884059348,-0.2867362005733169
y1WMCmqQ,-0.45116879000842003,-0.23897087538735634,-1.0753847245789117,-0.34344246787444294,0.24798669960721859
yDngezhM,-0.2790212308264949,-0.3226921271390181,0.17262081630312923,-0.7031859361012649,0.32754734613084185
yLiFjMD0,-0.32967241988988494,0.04965356579079764,0.1971567292075628,-0.6420884315749414,0.8355147069075035
ySwEBO7w,-0.4683093854135244,-0.4137874667712859,-0.3654685498822239,0.14843364017424368,-0.613566701669507
ydC9UsSm,-0.3899698877239841,-0.12159440435872879,-1.2054892144948857,0.47918027017371173,0.37494109739546555
ydEG4VBd,-0.33797174209888475,0.09616192526019338,-0.4460590673401696,-0.1355516897547229,0.46183958278895154
yf76yWXc,-0.009354764924288068,1.3337851982958566,1.7484219983976836,-0.5254768803797355,-0.3178783470837048
yg70e63n,-0.30161278752938026,-0.3141421385924355,0.11941768007750728,0.011626239284845545,-0.38060853432431496
ywxtlSKv,-0.5345128629915978,-0.41021721405941997,-0.9347281665269871,-0.0453797091262461,-0.5843257508964789
yzKPQPOR,-0.49182040747102196,0.3832167574483094,-0.9204975964565552,0.7757537936732282,-0.8749695618655607
z5cnOnZ1,-0.4121378286883365,-0.44761475017426466,-0.22020167065947602,-0.391663208815795,-0.6448328261257698
zFLkOE0e,0.028298993981738203,0.8787907153579352,-0.051496295006005575,0.46574102430471154,-0.6250687086784547
zGi72mxL,-0.03277924539191424,-0.5046838409443417,-0.24923599609466254,-0.1318119316672598,-0.7456597080542459
zN925UV3,-0.32356494776738004,-0.0637063182985459,-0.3964902775224142,0.48447007011422727,-0.5252845322178997
zTy2ih7e,-0.4496433174173963,0.007463033103517773,-0.3394019713753633,-0.0966631628551466,0.029037148104467406
zVFzAutw,-0.27403985490363414,-0.16535801986423548,-0.1338873987231658,-0.24851126952243632,0.3695460474168134
zYxNAkht,-0.15300772980209904,-0.14749856099484343,0.13194776714522782,-0.77590363055184,1.1659635808708242
zaWDBai3,-0.10761128329676635,0.4975495459923231,0.12823648011972538,-0.09982186252137559,0.4364575410277364
zg3u0Zsx,-0.22033869051783248,0.45034613543111607,-0.08023791120300769,-0.519308304230094,-0.2038893350450525
zlwLfdsS,-0.4229825266873065,0.4860711436687764,-1.0430402112643846,1.305132305831397,-0.7645377571720797
zmbKzVfl,-0.41065263098610405,-0.041386776080739096,-0.490464140438926,0.23773213065950757,-0.144192528907974
